{
  "best_epoch": 26,
  "best_val_acc": 0.9969958693203155,
  "test_loss": 0.0065318051759203554,
  "test_acc": 0.9986486486486487,
  "model": "resnet18",
  "pretrained": true,
  "epochs": 30,
  "aug_level": "full",
  "img_size": 384
}