{
  "best_epoch": 28,
  "best_val_acc": 0.9831017649267744,
  "test_loss": 0.055237337302517245,
  "test_acc": 0.9790540540540541,
  "model": "vit_base",
  "pretrained": false,
  "epochs": 30
}