{
  "best_epoch": 27,
  "best_val_acc": 0.9969958693203155,
  "test_loss": 0.017497726684218055,
  "test_acc": 0.9954954954954955,
  "model": "resnet18",
  "pretrained": true,
  "epochs": 30,
  "aug_level": "full",
  "img_size": 224
}